[
  {
    "name": "nailsaustralia.com.au.",
    "ttl": "300",
    "type": "MX",
    "priority": "",
    "records": [
      "1 aspmx.l.google.com.",
      "5 alt1.aspmx.l.google.com.",
      "5 alt2.aspmx.l.google.com.",
      "10 alt3.aspmx.l.google.com.",
      "10 alt4.aspmx.l.google.com."
    ]
  },
  {
    "name": "www.nailsaustralia.com.au.",
    "ttl": "300",
    "type": "CNAME",
    "priority": "",
    "records": [
      "ancient-mink-atqbf2njwaxxixnt0d212311.herokudns.com."
    ]
  },
  {
    "name": "nailsaustralia.com.au.",
    "ttl": "300",
    "type": "A",
    "priority": "",
    "records": [
      "54.161.241.46",
      "54.237.133.81",
      "18.205.222.128",
      "52.202.168.65"
    ]
  }
]
