[
  {
    "name": "rapid-net.com.au.",
    "ttl": "86400",
    "type": "MX",
    "priority": "",
    "records": [
      "10 mx10.antispam.mailspamprotection.com",
      "20 mx20.antispam.mailspamprotection.com",
      "30 mx30.antispam.mailspamprotection.com"
    ]
  },
  {
    "name": "rapid-net.com.au.",
    "ttl": "3600",
    "type": "TXT",
    "records": [
      "v=spf1 +a +mx +ip4:35.213.224.155 include:_spf.mailspamprotection.com ~all"
    ]
  },
  {
    "name": "default._domainkey.rapid-net.com.au.",
    "ttl": "14400",
    "type": "TXT",
    "priority": "",
    "records": [
      "v=DKIM1; k=rsa; p=MIGfMA0GCSqGSIb3DQEBAQUAA4GNADCBiQKBgQDHa/2QXpH41sPu56ZXcwaEidHL2lQDD1qnsL6d5a37W4O7OWqP/evw2UGd80GYnQg2629tr4U+K2pT+krX/g1B6lKlW4B9IqfzDKU6JSz4sJ1cDczk/MfKLRuEAE\" \"NwJGr+ZfaaGe7LDA0LBF4hFycPMjyWUG59OUePhEA9GG8zOQIDAQAB;"
    ]
  },
  {
    "name": "_domainkey.rapid-net.com.au.",
    "ttl": "14400",
    "type": "TXT",
    "priority": "",
    "records": [
      "v=DKIM1; o=~"
    ]
  },
  {
    "name": "dmarc.rapid-net.com.au.",
    "ttl": "300",
    "type": "TXT",
    "priority": "",
    "records": [
      "v=DMARC1; p=reject; rua=mailto:support@rapid-net.com.au"
    ]
  },
  {
    "name": "ssh.rapid-net.com.au.",
    "ttl": "300",
    "type": "A",
    "priority": "",
    "records": [
      "35.213.254.232"
    ]
  },
  {
    "name": "autodiscover.rapid-net.com.au.",
    "ttl": "300",
    "type": "A",
    "priority": "",
    "records": [
      "35.213.254.232"
    ]
  },
  {
    "name": "autoconfig.rapid-net.com.au.",
    "ttl": "300",
    "type": "A",
    "priority": "",
    "records": [
      "35.213.254.232"
    ]
  },
  {
    "name": "mail.rapid-net.com.au.",
    "ttl": "300",
    "type": "A",
    "priority": "",
    "records": [
      "35.213.254.232"
    ]
  },
  {
    "name": "ftp.rapid-net.com.au.",
    "ttl": "300",
    "type": "A",
    "priority": "",
    "records": [
      "35.213.254.232"
    ]
  },
  {
    "name": "localhost.rapid-net.com.au.",
    "ttl": "300",
    "type": "A",
    "priority": "",
    "records": [
      "127.0.0.1"
    ]
  },
  {
    "name": "www.rapid-net.com.au.",
    "ttl": "0",
    "type": "A",
    "priority": "",
    "records": [],
    "alias": {
       "evaluate_target_health": true,
       "name": "a99d498ec07004b73bdd696860b57e9a-7abd6ea069383ba7.elb.ap-southeast-2.amazonaws.com",
       "zone_id": "ZCT6FZBF4DROD"
      }
  },
  {
    "name": "rapid-net.com.au.",
    "ttl": "0",
    "type": "A",
    "priority": "",
    "records": [],
    "alias": {
       "evaluate_target_health": true,
       "name": "a99d498ec07004b73bdd696860b57e9a-7abd6ea069383ba7.elb.ap-southeast-2.amazonaws.com",
       "zone_id": "ZCT6FZBF4DROD"
      }
  }
]
