[
  {
    "name": "hs1-8498425._domainkey.pineapple.net.au",
    "ttl":  300,
    "type": "CNAME",
    "records": [
      "pineapple-net-au.hs12a.dkim.hubspotemail.net"
    ]
  },
  {
    "name": "hs2-8498425._domainkey.pineapple.net.au",
    "ttl":  300,
    "type": "CNAME",
    "records": [
      "pineapple-net-au.hs12b.dkim.hubspotemail.net"
    ]
  },
  {
    "name": "kb.pineapple.net.au",
    "ttl":  300,
    "type": "CNAME",
    "records": [
      "8498425.group25.sites.hubspot.net"
    ]
  },
  {
    "name": "status.pineapple.net.au",
    "ttl":  300,
    "type": "CNAME",
    "records": [
      "hn80jfw95z2z.stspg-customer.com"
    ]
  },
  {
    "name": "barracuda44048501113.pineapple.net.au.",
    "ttl":  300,
    "type": "CNAME",
    "records": [
      "ess.barracuda.com"
    ]
  },
  {
    "name": "autodiscover.pineapple.net.au.",
    "ttl":  300,
    "type": "CNAME",
    "records": [
      "autodiscover.outlook.com"
    ]
  },
  {
    "name": "pineapple.net.au",
    "ttl":  300,
    "type": "MX",
    "priority": 1,
    "records": [
      "10 pineapple-net-au.mail.protection.outlook.com."
    ]
  },
  {
    "name": "google._domainkey.pineapple.net.au",
    "ttl":  300,
    "type": "TXT",
    "records": [
      "v=DKIM1; k=rsa; p=MIIBIjANBgkqhkiG9w0BAQEFAAOCAQ8AMIIBCgKCAQEAv5syVDzEwRSB7YYjHV0GfQfiX6MZ3Lr0mPqznP8tQAidBD0TNCNoV7wjCEmwuTIYO1ohSDbuf2gsiae4vK86j5cA6h/X1tLSy\" \"uZnchGxUKDSZvqZzuntoUfOk57yZYd9c/7Vq/41230UYpJrXTwIYmbVh2/r81O1D4CblkgyAu7F8zYijBXNOwMz6O7KyQ4C+gt7dJF1CvKM\" \"aUZJxk1XA5vMrKcV8fyraUMp5WXdNNQDQktWrAeCsAGCpvOL9KzpxFE2dZT81ObAnspveXjXNtSRquo1ZrozfFGW+ME3Hw706NJm8oVuweOWHhjzO+fJgxVjg3lmT5m/fotu7TcVnQIDAQAB"
    ]
  },
  {
    "name": "pineapple.net.au",
    "ttl":  300,
    "type": "TXT",
    "records": [
      "v=spf1 include:spf.protection.outlook.com ip4:103.93.82.2 include:_spf.voipcloud.online -all",
      "MS=ms27746167"
    ]
  },
  {
    "name": "enterpriseregistration.pineapple.net.au.",
    "ttl": "300",
    "type": "CNAME",
    "priority": "",
    "records": [
      "enterpriseregistration.windows.net."
    ]
  },
  {
    "name": "enterpriseenrollment.pineapple.net.au.",
    "ttl": "300",
    "type": "CNAME",
    "priority": "",
    "records": [
      "enterpriseenrollment.manage.microsoft.com."
    ]
  },
  {
    "name": "landing.pineapple.net.au.",
    "ttl": "300",
    "type": "CNAME",
    "priority": "",
    "records": [
      "8498425.group25.sites.hubspot.net."
    ]
  },
  {
    "name": "contact.pineapple.net.au.",
    "ttl": "300",
    "type": "CNAME",
    "priority": "",
    "records": [
      "8498425.group25.sites.hubspot.net."
    ]
  },
  {
    "name": "marketing.pineapple.net.au.",
    "ttl": "300",
    "type": "CNAME",
    "priority": "",
    "records": [
      "8498425.group25.sites.hubspot.net."
    ]
  },
  {
    "name": "portal.pineapple.net.au.",
    "ttl": "300",
    "type": "CNAME",
    "priority": "",
    "records": [
      "8498425.group25.sites.hubspot.net."
    ]
  }
]
